{
  "south": 47.41914721679687,
  "west": 14.450361930847167,
  "north": 49.0133173828125,
  "east": 17.076114929199218
}