{
  "south": 47.419647216796875,
  "west": 14.450861930847168,
  "north": 49.0128173828125,
  "east": 17.07561492919922
}